experiment_id,model,optimizer,epoch,epochs,batch_size,learning_rate,momentum,num_layers,seed,train_loss,validation_accuracy,epoch_time_seconds
linear_baseline,linear,sgd,1,10,128,0.01,0.0,,598,1.98075298,0.34010000,3.0013
linear_baseline,linear,sgd,2,10,128,0.01,0.0,,598,1.91386131,0.34740000,2.8023
linear_baseline,linear,sgd,3,10,128,0.01,0.0,,598,1.89524298,0.36200000,2.8267
linear_baseline,linear,sgd,4,10,128,0.01,0.0,,598,1.88769759,0.35980000,2.7903
linear_baseline,linear,sgd,5,10,128,0.01,0.0,,598,1.88425258,0.36270000,2.8189
linear_baseline,linear,sgd,6,10,128,0.01,0.0,,598,1.87900092,0.36690000,2.7893
linear_baseline,linear,sgd,7,10,128,0.01,0.0,,598,1.87956471,0.37170000,2.7740
linear_baseline,linear,sgd,8,10,128,0.01,0.0,,598,1.87709764,0.37410000,2.8102
linear_baseline,linear,sgd,9,10,128,0.01,0.0,,598,1.87577198,0.37250000,2.8069
linear_baseline,linear,sgd,10,10,128,0.01,0.0,,598,1.87369085,0.37180000,2.7786
three_layer_baseline,three_layer,adam,1,10,128,0.001,,,598,1.78495752,0.40680000,3.0558
three_layer_baseline,three_layer,adam,2,10,128,0.001,,,598,1.62125845,0.43220000,2.8642
three_layer_baseline,three_layer,adam,3,10,128,0.001,,,598,1.54653061,0.44440000,2.8593
three_layer_baseline,three_layer,adam,4,10,128,0.001,,,598,1.50684981,0.44890000,2.8622
three_layer_baseline,three_layer,adam,5,10,128,0.001,,,598,1.47465420,0.44580000,2.8561
three_layer_baseline,three_layer,adam,6,10,128,0.001,,,598,1.44333195,0.45610000,2.8685
three_layer_baseline,three_layer,adam,7,10,128,0.001,,,598,1.42394163,0.47010000,2.9852
three_layer_baseline,three_layer,adam,8,10,128,0.001,,,598,1.40426809,0.46250000,2.9971
three_layer_baseline,three_layer,adam,9,10,128,0.001,,,598,1.38608322,0.48030000,2.9901
three_layer_baseline,three_layer,adam,10,10,128,0.001,,,598,1.37388420,0.47780000,2.9449
conv_baseline,conv,adam,1,10,128,0.001,,2,598,1.59954512,0.54060000,3.2454
conv_baseline,conv,adam,2,10,128,0.001,,2,598,1.29802210,0.61370000,2.9924
conv_baseline,conv,adam,3,10,128,0.001,,2,598,1.15206345,0.64600000,3.0204
conv_baseline,conv,adam,4,10,128,0.001,,2,598,1.06477259,0.67330000,2.9958
conv_baseline,conv,adam,5,10,128,0.001,,2,598,1.00419142,0.68270000,3.0028
conv_baseline,conv,adam,6,10,128,0.001,,2,598,0.96119808,0.69860000,2.9717
conv_baseline,conv,adam,7,10,128,0.001,,2,598,0.91712068,0.71690000,2.9597
conv_baseline,conv,adam,8,10,128,0.001,,2,598,0.88175365,0.71720000,2.9723
conv_baseline,conv,adam,9,10,128,0.001,,2,598,0.85699482,0.73000000,2.9725
conv_baseline,conv,adam,10,10,128,0.001,,2,598,0.82806536,0.74110000,2.9619
conv_epochs_5,conv,adam,1,5,128,0.001,,2,598,1.59997351,0.53600000,3.2406
conv_epochs_5,conv,adam,2,5,128,0.001,,2,598,1.29791230,0.61350000,2.9636
conv_epochs_5,conv,adam,3,5,128,0.001,,2,598,1.15149609,0.64590000,2.9837
conv_epochs_5,conv,adam,4,5,128,0.001,,2,598,1.06417613,0.66940000,2.9495
conv_epochs_5,conv,adam,5,5,128,0.001,,2,598,1.00546613,0.67770000,2.9549
conv_batch_64,conv,adam,1,10,64,0.001,,2,598,1.54014786,0.57260000,3.6573
conv_batch_64,conv,adam,2,10,64,0.001,,2,598,1.21081645,0.62850000,3.4199
conv_batch_64,conv,adam,3,10,64,0.001,,2,598,1.08195191,0.66660000,3.5351
conv_batch_64,conv,adam,4,10,64,0.001,,2,598,1.00834221,0.67680000,3.4758
conv_batch_64,conv,adam,5,10,64,0.001,,2,598,0.94954609,0.70220000,3.4209
conv_batch_64,conv,adam,6,10,64,0.001,,2,598,0.90421314,0.70970000,3.3992
conv_batch_64,conv,adam,7,10,64,0.001,,2,598,0.86646378,0.72920000,3.4067
conv_batch_64,conv,adam,8,10,64,0.001,,2,598,0.83357331,0.73630000,3.4294
conv_batch_64,conv,adam,9,10,64,0.001,,2,598,0.81003586,0.73620000,3.4529
conv_batch_64,conv,adam,10,10,64,0.001,,2,598,0.78508892,0.74500000,3.4347
conv_lr_0001,conv,adam,1,10,128,0.0001,,2,598,1.92811723,0.40220000,3.2350
conv_lr_0001,conv,adam,2,10,128,0.0001,,2,598,1.64157094,0.46350000,2.9780
conv_lr_0001,conv,adam,3,10,128,0.0001,,2,598,1.54590449,0.49260000,2.9729
conv_lr_0001,conv,adam,4,10,128,0.0001,,2,598,1.49048457,0.50500000,2.9628
conv_lr_0001,conv,adam,5,10,128,0.0001,,2,598,1.44303792,0.52610000,2.9735
conv_lr_0001,conv,adam,6,10,128,0.0001,,2,598,1.41303199,0.53830000,2.9979
conv_lr_0001,conv,adam,7,10,128,0.0001,,2,598,1.38569886,0.54710000,2.9818
conv_lr_0001,conv,adam,8,10,128,0.0001,,2,598,1.35565243,0.56420000,2.9595
conv_lr_0001,conv,adam,9,10,128,0.0001,,2,598,1.33411867,0.57040000,2.9654
conv_lr_0001,conv,adam,10,10,128,0.0001,,2,598,1.30456132,0.58400000,3.0027
conv_sgd,conv,sgd,1,10,128,0.001,0.0,2,598,2.30086067,0.10030000,3.1889
conv_sgd,conv,sgd,2,10,128,0.001,0.0,2,598,2.29401801,0.10510000,2.9609
conv_sgd,conv,sgd,3,10,128,0.001,0.0,2,598,2.28688398,0.14300000,2.9768
conv_sgd,conv,sgd,4,10,128,0.001,0.0,2,598,2.27785984,0.17860000,2.9653
conv_sgd,conv,sgd,5,10,128,0.001,0.0,2,598,2.26547535,0.20410000,2.9588
conv_sgd,conv,sgd,6,10,128,0.001,0.0,2,598,2.24797038,0.22060000,2.9533
conv_sgd,conv,sgd,7,10,128,0.001,0.0,2,598,2.22419410,0.22990000,2.9487
conv_sgd,conv,sgd,8,10,128,0.001,0.0,2,598,2.19508724,0.24810000,2.9586
conv_sgd,conv,sgd,9,10,128,0.001,0.0,2,598,2.16355633,0.26400000,2.9273
conv_sgd,conv,sgd,10,10,128,0.001,0.0,2,598,2.13058279,0.26630000,2.9575
conv_sgd_momentum,conv,sgd,1,10,128,0.001,0.9,2,598,2.25081207,0.26780000,3.1775
conv_sgd_momentum,conv,sgd,2,10,128,0.001,0.9,2,598,2.03835722,0.32030000,2.9490
conv_sgd_momentum,conv,sgd,3,10,128,0.001,0.9,2,598,1.90159005,0.36760000,2.9368
conv_sgd_momentum,conv,sgd,4,10,128,0.001,0.9,2,598,1.78257916,0.40390000,2.9655
conv_sgd_momentum,conv,sgd,5,10,128,0.001,0.9,2,598,1.66922305,0.43790000,2.9513
conv_sgd_momentum,conv,sgd,6,10,128,0.001,0.9,2,598,1.59990416,0.45890000,2.9361
conv_sgd_momentum,conv,sgd,7,10,128,0.001,0.9,2,598,1.54895466,0.47800000,2.9338
conv_sgd_momentum,conv,sgd,8,10,128,0.001,0.9,2,598,1.50960256,0.49410000,2.9642
conv_sgd_momentum,conv,sgd,9,10,128,0.001,0.9,2,598,1.47783443,0.49880000,2.9347
conv_sgd_momentum,conv,sgd,10,10,128,0.001,0.9,2,598,1.44487625,0.51670000,2.9287
conv_adamw,conv,adamw,1,10,128,0.001,,2,598,1.60029039,0.54060000,3.2430
conv_adamw,conv,adamw,2,10,128,0.001,,2,598,1.29923770,0.61360000,2.9713
conv_adamw,conv,adamw,3,10,128,0.001,,2,598,1.15347182,0.65020000,2.9714
conv_adamw,conv,adamw,4,10,128,0.001,,2,598,1.06846340,0.66820000,2.9700
conv_adamw,conv,adamw,5,10,128,0.001,,2,598,1.00852935,0.68620000,2.9980
conv_adamw,conv,adamw,6,10,128,0.001,,2,598,0.96542418,0.69880000,3.0175
conv_adamw,conv,adamw,7,10,128,0.001,,2,598,0.92063787,0.71190000,3.0034
conv_adamw,conv,adamw,8,10,128,0.001,,2,598,0.88669930,0.71290000,2.9835
conv_adamw,conv,adamw,9,10,128,0.001,,2,598,0.86023577,0.72520000,2.9538
conv_adamw,conv,adamw,10,10,128,0.001,,2,598,0.83273652,0.74060000,2.9610
conv_layers_5,conv,adam,1,10,128,0.001,,5,598,1.75232072,0.45370000,3.3891
conv_layers_5,conv,adam,2,10,128,0.001,,5,598,1.36915612,0.57200000,3.1328
conv_layers_5,conv,adam,3,10,128,0.001,,5,598,1.15564974,0.62540000,3.1256
conv_layers_5,conv,adam,4,10,128,0.001,,5,598,1.02167884,0.65300000,3.1354
conv_layers_5,conv,adam,5,10,128,0.001,,5,598,0.91473887,0.70490000,3.1406
conv_layers_5,conv,adam,6,10,128,0.001,,5,598,0.83574493,0.71860000,3.1387
conv_layers_5,conv,adam,7,10,128,0.001,,5,598,0.77154103,0.73790000,3.1329
conv_layers_5,conv,adam,8,10,128,0.001,,5,598,0.72427071,0.75250000,3.1068
conv_layers_5,conv,adam,9,10,128,0.001,,5,598,0.68259723,0.75910000,3.1051
conv_layers_5,conv,adam,10,10,128,0.001,,5,598,0.64541127,0.76840000,3.1508
vit_baseline,vit,adam,1,10,128,0.001,,2,598,1.74875320,0.47910000,4.0617
vit_baseline,vit,adam,2,10,128,0.001,,2,598,1.46121666,0.50260000,3.8298
vit_baseline,vit,adam,3,10,128,0.001,,2,598,1.36045351,0.53950000,3.6909
vit_baseline,vit,adam,4,10,128,0.001,,2,598,1.29256916,0.56890000,3.6539
vit_baseline,vit,adam,5,10,128,0.001,,2,598,1.23860604,0.57690000,3.6351
vit_baseline,vit,adam,6,10,128,0.001,,2,598,1.20003799,0.57500000,3.7040
vit_baseline,vit,adam,7,10,128,0.001,,2,598,1.16688554,0.58760000,3.7795
vit_baseline,vit,adam,8,10,128,0.001,,2,598,1.13596094,0.60060000,3.8037
vit_baseline,vit,adam,9,10,128,0.001,,2,598,1.10717443,0.62020000,3.8097
vit_baseline,vit,adam,10,10,128,0.001,,2,598,1.08878851,0.61040000,3.6613
vit_epochs_5,vit,adam,1,5,128,0.001,,2,598,1.74875320,0.47910000,3.9123
vit_epochs_5,vit,adam,2,5,128,0.001,,2,598,1.46121666,0.50260000,3.8000
vit_epochs_5,vit,adam,3,5,128,0.001,,2,598,1.36045351,0.53950000,3.6955
vit_epochs_5,vit,adam,4,5,128,0.001,,2,598,1.29256916,0.56890000,3.7942
vit_epochs_5,vit,adam,5,5,128,0.001,,2,598,1.23860604,0.57690000,3.7914
vit_batch_64,vit,adam,1,10,64,0.001,,2,598,1.70235774,0.46230000,5.1214
vit_batch_64,vit,adam,2,10,64,0.001,,2,598,1.44408154,0.51740000,4.9845
vit_batch_64,vit,adam,3,10,64,0.001,,2,598,1.34471791,0.53880000,4.8991
vit_batch_64,vit,adam,4,10,64,0.001,,2,598,1.28510389,0.56540000,4.9144
vit_batch_64,vit,adam,5,10,64,0.001,,2,598,1.23679656,0.57070000,4.8992
vit_batch_64,vit,adam,6,10,64,0.001,,2,598,1.20117882,0.58050000,4.8012
vit_batch_64,vit,adam,7,10,64,0.001,,2,598,1.16400247,0.59450000,4.9147
vit_batch_64,vit,adam,8,10,64,0.001,,2,598,1.13700638,0.59920000,4.7362
vit_batch_64,vit,adam,9,10,64,0.001,,2,598,1.11373074,0.61670000,4.9322
vit_batch_64,vit,adam,10,10,64,0.001,,2,598,1.08654433,0.62720000,4.8347
vit_lr_0001,vit,adam,1,10,128,0.0001,,2,598,1.99613050,0.35490000,3.9635
vit_lr_0001,vit,adam,2,10,128,0.0001,,2,598,1.71300200,0.42990000,3.7623
vit_lr_0001,vit,adam,3,10,128,0.0001,,2,598,1.57827719,0.46780000,3.6938
vit_lr_0001,vit,adam,4,10,128,0.0001,,2,598,1.51201388,0.48580000,3.7344
vit_lr_0001,vit,adam,5,10,128,0.0001,,2,598,1.45898096,0.48800000,3.7229
vit_lr_0001,vit,adam,6,10,128,0.0001,,2,598,1.42065372,0.50160000,3.7057
vit_lr_0001,vit,adam,7,10,128,0.0001,,2,598,1.38720572,0.52040000,3.7480
vit_lr_0001,vit,adam,8,10,128,0.0001,,2,598,1.35458241,0.52850000,3.7683
vit_lr_0001,vit,adam,9,10,128,0.0001,,2,598,1.32935027,0.55010000,3.6754
vit_lr_0001,vit,adam,10,10,128,0.0001,,2,598,1.30626318,0.55400000,3.6835
vit_sgd,vit,sgd,1,10,128,0.001,0.0,2,598,2.29527188,0.17220000,3.9288
vit_sgd,vit,sgd,2,10,128,0.001,0.0,2,598,2.25495062,0.18250000,3.7799
vit_sgd,vit,sgd,3,10,128,0.001,0.0,2,598,2.22681047,0.18900000,3.7495
vit_sgd,vit,sgd,4,10,128,0.001,0.0,2,598,2.20080376,0.19890000,3.7208
vit_sgd,vit,sgd,5,10,128,0.001,0.0,2,598,2.17553620,0.20680000,3.7585
vit_sgd,vit,sgd,6,10,128,0.001,0.0,2,598,2.14970270,0.20880000,3.6945
vit_sgd,vit,sgd,7,10,128,0.001,0.0,2,598,2.12510437,0.22320000,3.5949
vit_sgd,vit,sgd,8,10,128,0.001,0.0,2,598,2.10204540,0.22750000,3.6831
vit_sgd,vit,sgd,9,10,128,0.001,0.0,2,598,2.08277581,0.23860000,3.6754
vit_sgd,vit,sgd,10,10,128,0.001,0.0,2,598,2.06730030,0.25020000,3.6045
vit_sgd_momentum,vit,sgd,1,10,128,0.001,0.9,2,598,2.18388833,0.23140000,3.9421
vit_sgd_momentum,vit,sgd,2,10,128,0.001,0.9,2,598,2.02062241,0.27760000,3.5716
vit_sgd_momentum,vit,sgd,3,10,128,0.001,0.9,2,598,1.92492843,0.31040000,3.5451
vit_sgd_momentum,vit,sgd,4,10,128,0.001,0.9,2,598,1.85703147,0.34230000,3.5585
vit_sgd_momentum,vit,sgd,5,10,128,0.001,0.9,2,598,1.77326805,0.35010000,3.6020
vit_sgd_momentum,vit,sgd,6,10,128,0.001,0.9,2,598,1.70303630,0.38980000,3.7271
vit_sgd_momentum,vit,sgd,7,10,128,0.001,0.9,2,598,1.64229956,0.42710000,3.7129
vit_sgd_momentum,vit,sgd,8,10,128,0.001,0.9,2,598,1.59476540,0.44840000,3.7252
vit_sgd_momentum,vit,sgd,9,10,128,0.001,0.9,2,598,1.54600438,0.47940000,3.7334
vit_sgd_momentum,vit,sgd,10,10,128,0.001,0.9,2,598,1.51594017,0.46580000,3.7162
vit_adamw,vit,adamw,1,10,128,0.001,,2,598,1.74898769,0.47900000,4.0403
vit_adamw,vit,adamw,2,10,128,0.001,,2,598,1.46147742,0.50050000,3.9023
vit_adamw,vit,adamw,3,10,128,0.001,,2,598,1.36088656,0.53900000,3.7946
vit_adamw,vit,adamw,4,10,128,0.001,,2,598,1.29273195,0.56830000,3.7404
vit_adamw,vit,adamw,5,10,128,0.001,,2,598,1.23905746,0.57670000,3.8394
vit_adamw,vit,adamw,6,10,128,0.001,,2,598,1.20038797,0.57460000,3.8192
vit_adamw,vit,adamw,7,10,128,0.001,,2,598,1.16658246,0.58700000,3.9234
vit_adamw,vit,adamw,8,10,128,0.001,,2,598,1.13563186,0.59990000,3.7823
vit_adamw,vit,adamw,9,10,128,0.001,,2,598,1.10689616,0.62220000,3.8198
vit_adamw,vit,adamw,10,10,128,0.001,,2,598,1.08773047,0.61230000,3.9058
vit_layers_5,vit,adam,1,10,128,0.001,,5,598,1.77101362,0.46480000,5.2943
vit_layers_5,vit,adam,2,10,128,0.001,,5,598,1.43326638,0.51820000,4.8721
vit_layers_5,vit,adam,3,10,128,0.001,,5,598,1.31461940,0.56790000,4.8655
vit_layers_5,vit,adam,4,10,128,0.001,,5,598,1.23111921,0.59600000,4.9543
vit_layers_5,vit,adam,5,10,128,0.001,,5,598,1.16967799,0.59970000,4.9482
vit_layers_5,vit,adam,6,10,128,0.001,,5,598,1.12373530,0.62150000,4.8860
vit_layers_5,vit,adam,7,10,128,0.001,,5,598,1.06949786,0.63470000,4.8252
vit_layers_5,vit,adam,8,10,128,0.001,,5,598,1.03597000,0.65050000,4.8383
vit_layers_5,vit,adam,9,10,128,0.001,,5,598,0.98816486,0.65410000,4.8794
vit_layers_5,vit,adam,10,10,128,0.001,,5,598,0.96014063,0.66150000,4.8646
